{"cameraMode":{"drawMode":0,"name":"Shaded","section":"Shading Mode"},"sceneLighting":true,"audioPlay":false,"sceneViewState":{"m_AlwaysRefresh":false,"showFog":true,"showSkybox":true,"showFlares":true,"showImageEffects":true,"showParticleSystems":true,"showVisualEffectGraphs":true,"m_FxEnabled":true},"in2DMode":false,"pivot":{"x":453.97967529296877,"y":210.30267333984376,"z":-74.02915954589844},"rotation":{"x":0.021272022277116777,"y":0.05844900757074356,"z":-0.0012445023749023677,"w":0.9980579018592835},"size":85.05683898925781,"orthographic":false}